Workbook

Sheet Grunndata
A1: Grunndata – kostnadsarter og produksjonsdata
A2: Blå tall er inndata du kan endre. Svarte tall er formler og skal ikke overskrives.
A3: Kostnadsart | B3: Beløp | C3: Enhet | D3: Kostnadsform | E3: Kostnadstype
A4: Råvarer – tørket frukt | B4: 90 | C4: per kg råvare | D4: Variabel | E4: Direkte
A5: Råvarer – nøttemiks | B5: 62 | C5: per kg råvare | D5: Variabel | E5: Direkte
A6: Råvarer – energibarer | B6: 48 | C6: per kg råvare | D6: Variabel | E6: Direkte
A7: Emballasje | B7: 12 | C7: per enhet (= per kg) | D7: Variabel | E7: Indirekte
A8: Direktelønn – produksjon | B8: 140 | C8: kr per time | D8: Fast * | E8: Direkte
A9: Vedlikehold, maskiner | B9: 8 | C9: kr per maskintime * | D9: Variabel | E9: Direkte
A10: Strøm, produksjon | B10: 35000 | C10: kr per mnd | D10: Variabel * | E10: Direkte
A11: Husleie, fabrikk | B11: 65000 | C11: kr per mnd | D11: Fast | E11: Indirekte
A12: Admin og salg | B12: 120000 | C12: kr per mnd | D12: Fast | E12: Indirekte
A13: Avskrivninger | B13: 240000 | C13: kr per mnd | D13: Fast | E13: Indirekte
A15: Produksjonsdata per produktlinje
B16: Tørket frukt | C16: Nøttemiks | D16: Energibarer
A17: Salgspris (kr/kg) | B17: 280 | C17: 195 | D17: 240
A18: Arbeidstid per kg ferdigvare (timer) | B18: 0.4 | C18: 0.2 | D18: 0.3
A19: Maskintid per kg ferdigvare (timer) | B19: 0.3 | C19: 0.15 | D19: 0.25
A20: Budsjettert salg per mnd (kg) | B20: 1200 | C20: 2500 | D20: 1800
A21: Råvarepris per kg (hentet fra listen over) | B21: =B4 | C21: =B5 | D21: =B6
A23: * Forutsetninger som er tatt – endre her hvis oppgaveteksten sier noe annet:
A24: 1) Direktelønn er oppgitt som «Fast» i datagrunnlaget, men er en timesats og behandles her som VARIABEL.
A25: 2) Vedlikehold står oppgitt som «kr per maskin». Tolket som kr per MASKINTIME, siden raden er merket variabel.
A26: 3) Strøm er merket variabel, men er gitt som én månedssum uten sats per kg. Den inngår derfor i de FASTE kostnadene i K(x).
A27: 4) 1 kg råvare gir 1 kg ferdigvare (ingen svinn oppgitt), og 1 emballasjeenhet = 1 kg.

Sheet Kostnadsfunksjon
A1: Kostnadsfunksjon K(x) per produkt
A2: x = antall kg produsert og solgt per måned
A4: Variabel enhetskostnad (kr per kg)
A5: Komponent | B5: Tørket frukt | C5: Nøttemiks | D5: Energibarer
A6: Råvarer | B6: =Grunndata!B21 | C6: =Grunndata!C21 | D6: =Grunndata!D21
A7: Emballasje | B7: =Grunndata!$B$7 | C7: =Grunndata!$B$7 | D7: =Grunndata!$B$7
A8: Direktelønn (arbeidstid/kg × timesats) | B8: =Grunndata!B18*Grunndata!$B$8 | C8: =Grunndata!C18*Grunndata!$B$8 | D8: =Grunndata!D18*Grunndata!$B$8
A9: Vedlikehold (maskintid/kg × sats) | B9: =Grunndata!B19*Grunndata!$B$9 | C9: =Grunndata!C19*Grunndata!$B$9 | D9: =Grunndata!D19*Grunndata!$B$9
A10: Sum variabel enhetskostnad (VEK) | B10: =SUM(B6:B9) | C10: =SUM(C6:C9) | D10: =SUM(D6:D9)
A12: Faste kostnader per måned
A13: Strøm, produksjon | B13: =Grunndata!B10
A14: Husleie, fabrikk | B14: =Grunndata!B11
A15: Admin og salg | B15: =Grunndata!B12
A16: Avskrivninger | B16: =Grunndata!B13
A17: Sum faste kostnader | B17: =SUM(B13:B16)
A18: Antall produkter å fordele på | B18: 3
A19: Fast kostnad per produkt (fordelt likt) | B19: =B17/B18
A21: Kostnadsfunksjon K(x) = fast ledd + variabelt ledd × x
A22: Produkt | B22: Fast ledd (kr) | C22: Variabelt ledd (kr/kg) | D22: K(x)
A23: Tørket frukt | B23: =$B$19 | C23: =B10 | D23: ="K(x) = "&FIXED(B23,2)&" + "&FIXED(C23,2)&"x"
A24: Nøttemiks | B24: =$B$19 | C24: =C10 | D24: ="K(x) = "&FIXED(B24,2)&" + "&FIXED(C24,2)&"x"
A25: Energibarer | B25: =$B$19 | C25: =D10 | D25: ="K(x) = "&FIXED(B25,2)&" + "&FIXED(C25,2)&"x"
A27: Faste kostnader fordeles likt mellom de tre produktene, slik oppgaveteksten ber om.
A28: Merk: lik fordeling tar ikke hensyn til at produktene bruker ulikt antall arbeids- og maskintimer.

Sheet Kostnadstabell
A1: Kostnadstabell – tørket frukt
A2: K(x) = 153 333,33 + 160,40x (hentes med formler fra arket Kostnadsfunksjon)
A4: x (kg) | B4: Faste kostnader | C4: Variable kostnader | D4: K(x) totalkostnad | E4: Variabel enhetskostnad | F4: Fast enhetskostnad | G4: Enhetskostnad totalt | H4: Differansekostnad | I4: Differansekostnad per kg
A5: 500 | B5: =Kostnadsfunksjon!$B$19 | C5: =Kostnadsfunksjon!$B$10*A5 | D5: =B5+C5 | E5: =C5/A5 | F5: =B5/A5 | G5: =D5/A5 | H5: – | I5: –
A6: 700 | B6: =Kostnadsfunksjon!$B$19 | C6: =Kostnadsfunksjon!$B$10*A6 | D6: =B6+C6 | E6: =C6/A6 | F6: =B6/A6 | G6: =D6/A6 | H6: =D6-D5 | I6: =H6/(A6-A5)
A7: 900 | B7: =Kostnadsfunksjon!$B$19 | C7: =Kostnadsfunksjon!$B$10*A7 | D7: =B7+C7 | E7: =C7/A7 | F7: =B7/A7 | G7: =D7/A7 | H7: =D7-D6 | I7: =H7/(A7-A6)
A8: 1100 | B8: =Kostnadsfunksjon!$B$19 | C8: =Kostnadsfunksjon!$B$10*A8 | D8: =B8+C8 | E8: =C8/A8 | F8: =B8/A8 | G8: =D8/A8 | H8: =D8-D7 | I8: =H8/(A8-A7)
A9: 1300 | B9: =Kostnadsfunksjon!$B$19 | C9: =Kostnadsfunksjon!$B$10*A9 | D9: =B9+C9 | E9: =C9/A9 | F9: =B9/A9 | G9: =D9/A9 | H9: =D9-D8 | I9: =H9/(A9-A8)
A11: Tolkning
A12: Differansekostnaden er konstant 160,40 kr per kg. I en lineær kostnadsfunksjon er differansekostnaden alltid lik den
A13: variable enhetskostnaden – de faste kostnadene faller bort når man tar differansen mellom to mengder.
A14: Enhetskostnaden faller fra 467,07 til 278,35 kr/kg. Dette er kostnadsdegresjon: de faste kostnadene fordeles på flere kg.
A15: Kurven nærmer seg 160,40 kr/kg som asymptote, men når den aldri, fordi den faste andelen aldri blir null.
